{
    "S0": {
        "turun": 56.2283191152317,
        "tetap": 46.70242689181079,
        "naik": 47.795486331519704
    },
    "S1": {
        "turun": 59.209855522330486,
        "tetap": 64.53805526396458,
        "naik": 62.63470883599754
    },
    "S2": {
        "turun": 56.52587780516948,
        "tetap": 64.29743629648969,
        "naik": 90.64015397475933
    },
    "S3": {
        "turun": 54.95455645303328,
        "tetap": 54.979911602988366,
        "naik": 44.66238904405719
    },
    "S4": {
        "turun": 64.09189895904832,
        "tetap": 69.28038592114115,
        "naik": 91.95213342921863
    },
    "S5": {
        "turun": 73.71759726287871,
        "tetap": 79.35339818394579,
        "naik": 89.25241059796633
    },
    "S6": {
        "turun": 62.63859292538958,
        "tetap": 62.33242558662264,
        "naik": 53.94719916849092
    },
    "S7": {
        "turun": 68.42442927729698,
        "tetap": 99.1603157168181,
        "naik": 78.32516373965856
    },
    "S8": {
        "turun": 80.46929741940352,
        "tetap": 100.64577113274751,
        "naik": 108.36618438304313
    }
}