{
    "S0": {
        "turun": 70.97464967128472,
        "tetap": 40.093158007117935,
        "naik": 42.82071185235931
    },
    "S1": {
        "turun": 55.28748072073034,
        "tetap": 57.74598255697939,
        "naik": 68.77016711179485
    },
    "S2": {
        "turun": 74.704739232734,
        "tetap": 69.54906814176309,
        "naik": 107.01210092542465
    },
    "S3": {
        "turun": 69.44168343723113,
        "tetap": 54.05514788101071,
        "naik": 55.7374931148172
    },
    "S4": {
        "turun": 62.86808364418052,
        "tetap": 89.13739220166809,
        "naik": 76.78946044476527
    },
    "S5": {
        "turun": 67.07307689127427,
        "tetap": 75.1913395269904,
        "naik": 106.2083993831402
    },
    "S6": {
        "turun": 76.34320308874294,
        "tetap": 59.8911126576167,
        "naik": 61.36303047045201
    },
    "S7": {
        "turun": 85.71430631199189,
        "tetap": 97.51355193807981,
        "naik": 84.20395419369757
    },
    "S8": {
        "turun": 80.6291921699581,
        "tetap": 97.18583719077085,
        "naik": 104.15854602772329
    }
}