{
    "S0": {
        "turun": 0,
        "tetap": 0,
        "naik": 0
    },
    "S1": {
        "turun": 4.875,
        "tetap": 0,
        "naik": 2.5
    },
    "S2": {
        "turun": 18.756270390624998,
        "tetap": 23.348013736929197,
        "naik": 46.78223289165135
    },
    "S3": {
        "turun": 0,
        "tetap": 0,
        "naik": 0
    },
    "S4": {
        "turun": 4.69375,
        "tetap": 0,
        "naik": 0
    },
    "S5": {
        "turun": 38.52134084365731,
        "tetap": 0,
        "naik": 0
    },
    "S6": {
        "turun": 0,
        "tetap": 0,
        "naik": 0
    },
    "S7": {
        "turun": 0,
        "tetap": 0,
        "naik": 0
    },
    "S8": {
        "turun": 0,
        "tetap": 0,
        "naik": 0
    }
}