{
    "S0": {
        "turun": 0,
        "tetap": 0,
        "naik": 0
    },
    "S1": {
        "turun": 3.8627652786039954,
        "tetap": 1.369035073355,
        "naik": 0
    },
    "S2": {
        "turun": 13.12541872310217,
        "tetap": 1.941955711671552,
        "naik": 0
    },
    "S3": {
        "turun": 0,
        "tetap": 0,
        "naik": 0
    },
    "S4": {
        "turun": 0,
        "tetap": 0,
        "naik": 0
    },
    "S5": {
        "turun": 0,
        "tetap": 0,
        "naik": 0
    }
}