{
    "S0": {
        "turun": 0,
        "tetap": 0,
        "naik": 0
    },
    "S1": {
        "turun": 4.875,
        "tetap": 0,
        "naik": 2.5
    },
    "S2": {
        "turun": 18.756270390624998,
        "tetap": 13.440321675781249,
        "naik": 20.62304546484375
    },
    "S3": {
        "turun": 0,
        "tetap": 0,
        "naik": 0
    },
    "S4": {
        "turun": 0,
        "tetap": 0,
        "naik": 0
    },
    "S5": {
        "turun": 17.84033417011719,
        "tetap": 0,
        "naik": 0
    },
    "S6": {
        "turun": 0,
        "tetap": 0,
        "naik": 0
    },
    "S7": {
        "turun": 0,
        "tetap": 0,
        "naik": 0
    },
    "S8": {
        "turun": 0,
        "tetap": 0,
        "naik": 0
    }
}